{"count":1,"self":350.4482304,"total":356.6430641,"children":{"InitializeActuators":{"count":1,"self":0.0015853,"total":0.0015853,"children":null},"InitializeSensors":{"count":1,"self":0.00099779999999999986,"total":0.00099779999999999986,"children":null},"AgentSendState":{"count":17509,"self":0.11001079999999999,"total":0.45708659999999995,"children":{"CollectObservations":{"count":17509,"self":0.2359085,"total":0.2359085,"children":null},"WriteActionMask":{"count":17509,"self":0.024829499999999997,"total":0.024829499999999997,"children":null},"RequestDecision":{"count":17509,"self":0.086337799999999992,"total":0.086337799999999992,"children":null}}},"DecideAction":{"count":17509,"self":5.5716199999999994,"total":5.5716198,"children":null},"AgentAct":{"count":17509,"self":0.16255219999999998,"total":0.16255219999999998,"children":null}},"gauges":{"GGJPlant.CumulativeReward":{"count":85,"max":24,"min":-106.5,"runningAverage":-59.1310349,"value":7.5,"weightedAverage":-42.628746}},"metadata":{"timer_format_version":"0.1.0","start_time_seconds":"1675493320","unity_version":"2022.2.4f1","command_line_arguments":"C:\\Program Files\\Unity\\Hub\\Editor\\2022.2.4f1\\Editor\\Unity.exe -projectpath C:\\Users\\TSI25\\Documents\\GitHub\\GGJ2023-MLPlants -useHub -hubIPC -cloudEnvironment production","communication_protocol_version":"1.5.0","com.unity.ml-agents_version":"2.3.0-exp.3","scene_name":"Launch","end_time_seconds":"1675493676"}}