{"count":1,"self":57.811385599999994,"total":1201.3989548,"children":{"InitializeActuators":{"count":10,"self":0.0010314,"total":0.0010314,"children":null},"InitializeSensors":{"count":10,"self":0.0020204,"total":0.0020204,"children":null},"AgentSendState":{"count":200084,"self":4.5652352,"total":32.4447082,"children":{"CollectObservations":{"count":2000840,"self":11.647176799999999,"total":11.647177099999999,"children":null},"WriteActionMask":{"count":2000840,"self":0.9687342,"total":0.9687342,"children":null},"RequestDecision":{"count":2000840,"self":3.43071,"total":15.263561699999999,"children":{"AgentInfo.ToProto":{"count":2000840,"self":3.2914144,"total":11.8328516,"children":{"GenerateSensorData":{"count":2000840,"self":8.5414368,"total":8.5414371,"children":null}}}}}}},"DecideAction":{"count":200084,"self":1105.4207999999999,"total":1105.4207741,"children":null},"AgentAct":{"count":200084,"self":5.6788903999999993,"total":5.7180395,"children":{"AgentInfo.ToProto":{"count":3020,"self":0.012564599999999999,"total":0.0391489,"children":{"GenerateSensorData":{"count":3020,"self":0.026584299999999998,"total":0.026584299999999998,"children":null}}}}}},"gauges":{"GGJPlant.CumulativeReward":{"count":3020,"max":5.199999,"min":-6669.7,"runningAverage":-1136.13892,"value":-3009.4,"weightedAverage":-1401.69324}},"metadata":{"timer_format_version":"0.1.0","start_time_seconds":"1675505372","unity_version":"2022.2.4f1","command_line_arguments":"C:\\Program Files\\Unity\\Hub\\Editor\\2022.2.4f1\\Editor\\Unity.exe -projectpath C:\\Users\\TSI25\\Documents\\GitHub\\GGJ2023-MLPlants -useHub -hubIPC -cloudEnvironment production","communication_protocol_version":"1.5.0","com.unity.ml-agents_version":"2.3.0-exp.3","scene_name":"Training","end_time_seconds":"1675506573"}}