{"count":1,"self":54.183641599999994,"total":1038.5989584,"children":{"InitializeActuators":{"count":10,"self":0.0009971,"total":0.0009971,"children":null},"InitializeSensors":{"count":10,"self":0.0019646999999999998,"total":0.0019646999999999998,"children":null},"AgentSendState":{"count":148617,"self":3.4454711999999996,"total":24.065101499999997,"children":{"CollectObservations":{"count":1486170,"self":7.7766687999999995,"total":7.776669,"children":null},"WriteActionMask":{"count":1486170,"self":0.8362841,"total":0.8362841,"children":null},"RequestDecision":{"count":1486170,"self":2.7942638,"total":12.0066773,"children":{"AgentInfo.ToProto":{"count":1486170,"self":2.5228447999999997,"total":9.2124135,"children":{"GenerateSensorData":{"count":1486170,"self":6.6895688,"total":6.6895688,"children":null}}}}}}},"DecideAction":{"count":148617,"self":939.1906816,"total":939.19065919999991,"children":null},"AgentAct":{"count":148617,"self":21.133696,"total":21.1565946,"children":{"AgentInfo.ToProto":{"count":1769,"self":0.0099329,"total":0.0228994,"children":{"GenerateSensorData":{"count":1769,"self":0.012966499999999999,"total":0.012966499999999999,"children":null}}}}}},"gauges":{"GGJPlant.CumulativeReward":{"count":1769,"max":569,"min":-178,"runningAverage":102.943459,"value":48,"weightedAverage":104.266731}},"metadata":{"timer_format_version":"0.1.0","start_time_seconds":"1675571666","unity_version":"2022.2.4f1","command_line_arguments":"C:\\Program Files\\Unity\\Hub\\Editor\\2022.2.4f1\\Editor\\Unity.exe -projectpath C:\\Users\\TSI25\\Documents\\GitHub\\GGJ2023-MLPlants -useHub -hubIPC -cloudEnvironment production","communication_protocol_version":"1.5.0","com.unity.ml-agents_version":"2.3.0-exp.3","scene_name":"Training","end_time_seconds":"1675572705"}}