{"count":1,"self":125.57424639999999,"total":311.69504259999997,"children":{"InitializeActuators":{"count":7,"self":0.0020020999999999997,"total":0.0020020999999999997,"children":null},"InitializeSensors":{"count":7,"self":0.0020017,"total":0.0020017,"children":null},"AgentSendState":{"count":21967,"self":0.518328,"total":20.102658599999998,"children":{"CollectObservations":{"count":153769,"self":11.522159199999999,"total":11.522159199999999,"children":null},"WriteActionMask":{"count":153769,"self":0.1032029,"total":0.1032029,"children":null},"RequestDecision":{"count":153769,"self":0.399401,"total":7.9589684999999992,"children":{"AgentInfo.ToProto":{"count":153769,"self":0.3433727,"total":7.5595675,"children":{"GenerateSensorData":{"count":153769,"self":7.2161952,"total":7.2161947999999994,"children":null}}}}}}},"DecideAction":{"count":21967,"self":164.6803712,"total":164.68037189999998,"children":null},"AgentAct":{"count":21967,"self":1.3247661,"total":1.3327658,"children":{"AgentInfo.ToProto":{"count":266,"self":0.0020015,"total":0.0079997,"children":{"GenerateSensorData":{"count":266,"self":0.0059981999999999995,"total":0.0059981999999999995,"children":null}}}}}},"gauges":{"GGJ-Plant.CumulativeReward":{"count":266,"max":1,"min":-100,"runningAverage":-89.32144,"value":-93,"weightedAverage":-93.72611}},"metadata":{"timer_format_version":"0.1.0","start_time_seconds":"1675483760","unity_version":"2022.2.4f1","command_line_arguments":"C:\\Program Files\\Unity\\Hub\\Editor\\2022.2.4f1\\Editor\\Unity.exe -projectpath C:\\Users\\Garrison\\Documents\\GitHub\\GGJ2023-MLPlants -useHub -hubIPC -cloudEnvironment production","communication_protocol_version":"1.5.0","com.unity.ml-agents_version":"2.3.0-exp.3","scene_name":"Training","end_time_seconds":"1675484072"}}