{"count":1,"self":91.3025408,"total":801.4601172,"children":{"InitializeActuators":{"count":8,"self":0.0020022,"total":0.0020022,"children":null},"InitializeSensors":{"count":8,"self":0.0040033,"total":0.0040033,"children":null},"AgentSendState":{"count":93851,"self":2.5172546,"total":18.762287399999998,"children":{"CollectObservations":{"count":750808,"self":7.5654559999999993,"total":7.5654559,"children":null},"WriteActionMask":{"count":750808,"self":0.47954929999999996,"total":0.47954929999999996,"children":null},"RequestDecision":{"count":750808,"self":1.7418943999999998,"total":8.2000276,"children":{"AgentInfo.ToProto":{"count":750808,"self":1.5707328999999999,"total":6.4581330999999995,"children":{"GenerateSensorData":{"count":750808,"self":4.8873999999999995,"total":4.8874002,"children":null}}}}}}},"DecideAction":{"count":93851,"self":664.0642048,"total":664.06420359999993,"children":null},"AgentAct":{"count":93851,"self":27.3115648,"total":27.324076899999998,"children":{"AgentInfo.ToProto":{"count":707,"self":0.0040031,"total":0.0125128,"children":{"GenerateSensorData":{"count":707,"self":0.0085097,"total":0.0085097,"children":null}}}}}},"gauges":{"GGJPlant.CumulativeReward":{"count":707,"max":-6.89999771,"min":-159.299988,"runningAverage":-72.7133,"value":-87.5,"weightedAverage":-78.9163055}},"metadata":{"timer_format_version":"0.1.0","start_time_seconds":"1675540024","unity_version":"2022.2.4f1","command_line_arguments":"C:\\Program Files\\Unity\\Hub\\Editor\\2022.2.4f1\\Editor\\Unity.exe -projectpath C:\\Users\\Garrison\\Documents\\GitHub\\GGJ2023-MLPlants -useHub -hubIPC -cloudEnvironment production","communication_protocol_version":"1.5.0","com.unity.ml-agents_version":"2.3.0-exp.3","scene_name":"Training","end_time_seconds":"1675540825"}}